Company,Jobs Page,Portal
Arrowstreet Capital,https://arrowstreetcapital.wd5.myworkdayjobs.com/en-US/Arrowstreet,Workday
Hudson River Trading,https://boards.greenhouse.io/embed/job_board?for=wehrtyou,Greenhouse
Jane Street,https://boards.greenhouse.io/janestreet,Greenhouse
Optiver,https://boards.greenhouse.io/embed/job_board?for=optiver,Greenhouse
Five Rings,https://fiverings.avature.net/careers,Avature
Akuna Capital,https://boards.greenhouse.io/embed/job_board?for=akunacapital,Greenhouse
Citadel,,
D.E. Shaw,,
Jump Trading,https://boards.greenhouse.io/embed/job_board?for=jumptrading,Greenhouse
Schonfeld,https://boards.greenhouse.io/schonfeld,Greenhouse
Netflix,https://jobs.lever.co/netflix,Lever
DRW,https://boards.greenhouse.io/drweng,Greenhouse
IMC Trading,,
Nvidia,https://nvidia.wd5.myworkdayjobs.com/NVIDIAExternalCareerSite,Workday
OpenSea,https://jobs.lever.co/OpenSea,Lever
Two Sigma,,
Nuro,https://boards.greenhouse.io/embed/job_board?for=nuro,Greenhouse
Niantic,https://boards.greenhouse.io/niantic,Greenhouse
Quantcast,https://jobs.lever.co/quantcast,Lever
Rippling,https://boards.greenhouse.io/embed/job_board?for=rippling,Greenhouse
Asana,https://boards.greenhouse.io/embed/job_board?for=asana,Greenhouse
Kensho,https://jobs.lever.co/kensho,Lever
Moveworks,https://boards.greenhouse.io/embed/job_board?for=moveworks,Greenhouse
Quora,https://boards.greenhouse.io/quora,Greenhouse
Virtu Financial,https://boards.greenhouse.io/virtu,Greenhouse
Cohere.ai,https://jobs.lever.co/cohere,Lever
Blueshift,https://boards.greenhouse.io/embed/job_board?for=blueshift,Greenhouse
Dfinity,https://boards.greenhouse.io/embed/job_board?for=dfinity,Greenhouse
78 Capital,https://boards.greenhouse.io/embed/job_board?for=seveneightcapital,Greenhouse
Embark Trucks,https://jobs.lever.co/embark,Lever
Roblox,https://boards.greenhouse.io/embed/job_board?for=roblox,Greenhouse
Systematic,,
Ribbon Home,https://boards.greenhouse.io/embed/job_board?for=ribbon,Greenhouse
Twitch,https://boards.greenhouse.io/embed/job_board?for=twitch,Greenhouse
Amazon,https://www.amazon.jobs/en/search,Custom
Yugabyte,https://jobs.lever.co/yugabyte,Lever
Benchling,https://boards.greenhouse.io/embed/job_board?for=benchling,Greenhouse
Bill.com,https://boards.greenhouse.io/embed/job_board?for=billcom,Greenhouse
Cloudera,https://cloudera.wd5.myworkdayjobs.com/en-US/External_Career,Workday
Etsy,https://careers.etsy.com/global/en/search-results,Widget
LinkedIn,https://www.linkedin.com/company/linkedin/jobs,Custom
Anaplan,https://boards.greenhouse.io/anaplan,Greenhouse
Ramp,https://boards.greenhouse.io/ramp,Greenhouse
Splunk,https://jobs.jobvite.com/splunk,Jobvite
Better.com,https://boards.greenhouse.io/better,Greenhouse
Riot Games,https://boards.greenhouse.io/embed/job_board?for=riotgames,Greenhouse
Lob,https://boards.greenhouse.io/embed/job_board?for=lob,Greenhouse
Lyft,https://boards.greenhouse.io/embed/job_board?for=lyft,Greenhouse
Gusto,https://boards.greenhouse.io/embed/job_board?for=gusto,Greenhouse
Equinix,https://equinix.wd1.myworkdayjobs.com/en-US/External,Workday
Level,https://boards.greenhouse.io/level,Greenhouse
Oscar Health,https://boards.greenhouse.io/embed/job_board?for=oscar,Greenhouse
Reverie Labs,https://jobs.lever.co/reverielabs,Lever
Stripe,https://boards.greenhouse.io/embed/job_board?for=stripe,Greenhouse
Aurora,https://boards.greenhouse.io/embed/job_board?for=aurorainnovation,Greenhouse
Braze,https://boards.greenhouse.io/embed/job_board?for=braze,Greenhouse
DoorDash,https://boards.greenhouse.io/embed/job_board?for=doordash,Greenhouse
Okta,https://boards.greenhouse.io/embed/job_board?for=okta,Greenhouse
Chicago Trading Company,https://www.chicagotrading.com/search,Custom
Zoom,https://zoom.wd5.myworkdayjobs.com/en-US/Zoom,Workday
Affirm,https://boards.greenhouse.io/affirm,Greenhouse
GoDaddy,https://boards.greenhouse.io/embed/job_board?for=godaddy,Greenhouse
Intel,https://intel.wd1.myworkdayjobs.com/en-US/External,Workday
ServiceNow,https://careers.servicenow.com/careers/jobs,Smartrecruiters
Zillow,https://zillow.wd5.myworkdayjobs.com/en-US/Zillow_Group_External,Workday
BlackRock,,
Twitter,https://careers.twitter.com/en/roles.html,Custom
Addepar,https://boards.greenhouse.io/addepar1,Greenhouse
Algorand,https://www.algorand.com/about/careers/our-jobs,Paycor
Brex,https://boards.greenhouse.io/embed/job_board?for=brex,Greenhouse
Cadence,https://cadence.wd1.myworkdayjobs.com/en-US/External_Careers,Wordkay
Coalition,https://boards.greenhouse.io/coalition,Greenhouse
Confluent,https://jobs.lever.co/confluent,Lever
GoPuff,https://jobs.lever.co/gopuff,Lever
Illumio,https://boards.greenhouse.io/embed/job_board?for=illumio,Greenhouse
Infinera,https://infinera.wd1.myworkdayjobs.com/en-US/Infinera_Careers,Workday
Lacework,https://boards.greenhouse.io/embed/job_board?for=lacework,Greenhouse
One Medical,https://boards.greenhouse.io/embed/job_board?for=onemedical,Greenhouse
Pinterest,https://boards.greenhouse.io/embed/job_board?for=pinterest,Greenhouse
Qorvo,,
Ripple,https://boards.greenhouse.io/embed/job_board?for=ripple,Greenhouse
Rubrik,https://boards.greenhouse.io/embed/job_board?for=rubrik,Greenhouse
Sumo Logic,https://boards.greenhouse.io/sumologic,Greenhouse
Tanium,https://boards.greenhouse.io/embed/job_board?for=tanium,Greenhouse
Tradeweb,,
Upstart,https://boards.greenhouse.io/embed/job_board?for=upstart,Greenhouse
Scale AI,https://boards.greenhouse.io/scaleai,Greenhouse
Belvedere Trading,https://jobs.lever.co/belvederetrading,Lever
Pure Storage,https://boards.greenhouse.io/purestorage,Greenhouse
Adobe ,https://adobe.wd5.myworkdayjobs.com/external_experienced,Workday
Apple,https://jobs.apple.com/en-us/search,Custom
Bytedance,https://jobs.bytedance.com/en/position,Custom
Salesforce,https://salesforce.wd1.myworkdayjobs.com/en-US/External_Career_Site,Workday
Tiktok,https://careers.tiktok.com/position,Custom
X - The Moonshot Factory,,
Zoox,https://jobs.lever.co/zoox,Lever
Cruise,https://boards.greenhouse.io/embed/job_board?for=cruise,Greenhouse
Instabase,https://boards.greenhouse.io/embed/job_board?for=instabase,Greenhouse
A10 Networks,https://osv-a10networks.wd5.myworkdayjobs.com/en-US/A10CareerSite,Workday
Amadeus,,
Atlassian,https://jobs.lever.co/atlassian,Lever
Datavant,https://boards.greenhouse.io/embed/job_board?for=datavant,Greenhouse
DigitalOcean,https://boards.greenhouse.io/embed/job_board?for=digitalocean98,Greenhouse
Palantir,https://jobs.lever.co/palantir,Lever
Google,https://careers.google.com/results/,Custom 
Hatch Credit,,
LiveRamp,https://boards.greenhouse.io/liveramp,Greenhouse
NotronLifeLock,https://nortonlifelock.wd1.myworkdayjobs.com/en-US/careers,Workday
Nutanix,https://nutanix.eightfold.ai/careers?&domain=nutanix.com,Eightfold.ai
Sentry,https://boards.greenhouse.io/sentry,Greenhouse
Snowflake,https://careers.snowflake.com/us/en/search-results,Widget
SoFi,https://boards.greenhouse.io/embed/job_board?for=sofi,Greenhouse
TuSimple,https://boards.greenhouse.io/tusimple,Greenhouse
Wing,https://boards.greenhouse.io/wing,Greenhouse
Modern Treasury,https://jobs.ashbyhq.com/moderntreasury,Ashby
Datadog,https://boards.greenhouse.io/embed/job_board?for=datadog,Greenhouse
Aviatrix,https://boards.greenhouse.io/embed/job_board?for=aviatrix,Greenhouse
Convoy,https://boards.greenhouse.io/embed/job_board?for=convoy,Greenhouse
Gem,https://boards.greenhouse.io/embed/job_board?for=zensourcer,Greenhouse
Plaid,https://jobs.lever.co/plaid,Lever
Twilio,https://boards.greenhouse.io/twilio,Greenhouse
Hearth,https://boards.greenhouse.io/embed/job_board?for=hearth,Greenhouse
PathAI,https://boards.greenhouse.io/embed/job_board?for=pathai,Greenhouse
Snap,https://wd1.myworkdaysite.com/en-US/recruiting/snapchat/snap,Workday
Wolverine Trading,https://jobs.lever.co/wolve,Lever
Facebook,https://www.metacareers.com/jobs/,Custom
Tatari,https://boards.greenhouse.io/tatari,Greenhouse
Bungie,https://boards.greenhouse.io/bungie,Greenhouse
Dolby,,
eBay,https://ebay.wd5.myworkdayjobs.com/en-US/apply,Workday
Expedia,https://expedia.wd5.myworkdayjobs.com/en-US/search,Workday
Oracle,,
Rivian,https://boards.greenhouse.io/rivian,Greenhouse
Samsara,https://boards.greenhouse.io/embed/job_board?for=samsara,Greenhouse
Squarespace,https://boards.greenhouse.io/embed/job_board?for=squarespace,Greenhouse
Pocket Gems,https://boards.greenhouse.io/embed/job_board?for=pocketgems,Greenhouse
HyperScience,https://jobs.lever.co/hyperscience,Lever
Anduril,https://jobs.lever.co/anduril,Lever
Bloomberg,https://careers.bloomberg.com/job/search,Custom
bubble.io,https://boards.greenhouse.io/embed/job_board?for=bubble,Greenhouse
Chainalysis,https://boards.greenhouse.io/chainalysis,Greenhouse
Cisco Meraki,https://meraki.cisco.com/jobs#open-positions,Custom
Coda.io,https://boards.greenhouse.io/coda,Greenhouse
Cohesity,https://boards.greenhouse.io/embed/job_board?for=cohesity,Greenhouse
Coinbase,https://boards.greenhouse.io/embed/job_board?for=coinbase,Greenhouse
CyberCube,https://jobs.lever.co/cybcube,Lever
Databricks,https://boards.greenhouse.io/embed/job_board?for=databricks,Greenhouse
Dataminr,https://boards.greenhouse.io/dataminr,Greenhouse
Everlaw,https://jobs.lever.co/everlaw,Lever
Figma,https://jobs.lever.co/figma,Lever
Genentech,https://careers.gene.com/us/en/search-results,Widget
HubSpot,https://www.hubspot.com/careers/jobs?page=1,Custom
Intuit,https://jobs.intuit.com/search-jobs,Custom
Intuitive,https://careers.intuitive.com/us/en/search-results,Widget
Klaviyo,https://boards.greenhouse.io/klaviyo,Greenhouse
Loom,https://boards.greenhouse.io/loominc,Greenhouse
MongoDB,https://boards.greenhouse.io/embed/job_board?for=mongodb,Greenhouse
MuleSoft,,
Nuna Healthcare,https://boards.greenhouse.io/nuna,Greenhouse
Patientco,,
Patreon,https://boards.greenhouse.io/embed/job_board?for=patreon,Greenhouse
PayPal,https://paypal.wd1.myworkdayjobs.com/en-US/jobs,Workday
Reddit,https://boards.greenhouse.io/reddit,Greenhouse
SailPoint,https://sailpoint.wd1.myworkdayjobs.com/en-US/SailPoint,Workday
SIG,https://careers.sig.com/search-results,Widget
Sigma Computing,https://boards.greenhouse.io/sigmacomputing,Greenhouse
Spatial,https://spatial.io/jobs,Custom
Spectrum Labs,,
Tadpad,https://www.tapad.com/careers/open-roles,Smartrecruiters
Teradata,,
TrueEra,https://jobs.lever.co/ailens,Lever
Uber,https://www.uber.com/us/en/careers/,Custom
Unity Technologies,https://boards.greenhouse.io/embed/job_board?for=unity3d,Greenhouse
Verkada,https://jobs.lever.co/verkada,Lever
WePay,https://jobs.lever.co/wepay,Lever
Yext,https://boards.greenhouse.io/embed/job_board?for=yext,Greenhouse
Quip,https://boards.greenhouse.io/quip,Greenhouse
Slack,https://salesforce.wd1.myworkdayjobs.com/en-US/Slack,Workday
Tableau,https://salesforce.wd1.myworkdayjobs.com/Tableau,Workday
Eightfold.ai,https://app.eightfold.ai/careers/search,Eightfold.ai
BitGo,https://boards.greenhouse.io/bitgo,Greenhouse
Redfin,https://jobs.lever.co/redfin,Lever
Samsung,https://salesforce.wd1.myworkdayjobs.com/en-US/Tableau,Workday
Sony,https://sonyglobal.wd1.myworkdayjobs.com/en-US/SonyGlobalCareers,Workday
Nomura,,
Waymo,https://boards.greenhouse.io/embed/job_board?for=waymo,Greenhouse
InterDigital,https://interdigital.wd5.myworkdayjobs.com/en-US/InterDigital_Career,Workday
Ancestry,https://jobs.lever.co/ancestry,Lever
Autodesk,https://autodesk.wd1.myworkdayjobs.com/en-US/Ext,Workday
DocuSign,https://boards.greenhouse.io/embed/job_board?for=docusign,Greenhouse
Flatiron Health,https://boards.greenhouse.io/embed/job_board?for=flatironhealth,Greenhouse
Robinhood,https://boards.greenhouse.io/embed/job_board?for=robinhood,Greenhouse
SeekOut,https://boards.greenhouse.io/embed/job_board?for=seekout,Greenhouse
Singlestore,https://boards.greenhouse.io/embed/job_board?for=singlestore,Greenhouse
Udemy,https://boards.greenhouse.io/udemy,Greenhouse
UiPath,,
Cockroach Labs,https://boards.greenhouse.io/embed/job_board?for=cockroachlabs,Greenhouse
Peak6,https://boards.greenhouse.io/embed/job_board?for=peak6insurtech,Greenhouse
Remitly,https://boards.greenhouse.io/embed/job_board?for=remitly,Greenhouse
Bolt,https://jobs.lever.co/bolt,Lever
Duolingo,https://boards.greenhouse.io/duolingo,Greenhouse
Microsoft,https://careers.microsoft.com/students/us/en/search-results,Widget
Quantco,https://jobs.lever.co/quantco-,Lever
Roku,https://boards.greenhouse.io/embed/job_board?for=roku,Greenhouse
Tinder,https://jobs.lever.co/matchgroup,Lever
VMWare,https://vmware.wd1.myworkdayjobs.com/en-US/Vmware,Workday
Workday,https://workday.wd5.myworkdayjobs.com/en-US/Workday,Workday
Zwift,https://boards.greenhouse.io/embed/job_board?for=zwift,Greenhouse
Dropbox,https://boards.greenhouse.io/embed/job_board?for=dropbox,Greenhouse
Opendoor,https://jobs.lever.co/opendoor,Lever
Apollo GraphQL,https://jobs.lever.co/apollographql,Lever
Credit Karma,https://boards.greenhouse.io/creditkarma,Greenhouse
Palo Alto Networks,https://jobs.paloaltonetworks.com/en/jobs/,Custom
SurveyMonkey,https://boards.greenhouse.io/surveymonkey,Greenhouse
The Trade Desk,https://careers.thetradedesk.com/us/en/search-results,Widget
Epic Games,https://boards.greenhouse.io/epicgames,Greenhouse
Wealthfront,https://jobs.lever.co/wealthfront,Lever
Airbnb,https://boards.greenhouse.io/embed/job_board?for=airbnb,Greenhouse
Alteryx,https://alteryx.wd5.myworkdayjobs.com/en-US/AlteryxCareers,Workday
Athenahealth,https://athenahealth.wd1.myworkdayjobs.com/en-US/External,Workday
Axon,https://boards.greenhouse.io/axon,Greenhouse
CoStar Group,https://boards.greenhouse.io/costar,Greenhouse
Crowdstrike,https://crowdstrike.wd5.myworkdayjobs.com/en-US/crowdstrikecareers,Workday
Draftkings,https://draftkings.wd1.myworkdayjobs.com/en-US/DraftKings,Workday
Grubhub,https://careers-grubhub.icims.com/jobs/search,ICIMS
Nextdoor,https://boards.greenhouse.io/embed/job_board?for=nextdoor,Greenhouse
Poshmark,https://boards.greenhouse.io/poshmark,Greenhouse
Repl.it,https://jobs.lever.co/replit/,Lever
SeatGeek,https://boards.greenhouse.io/embed/job_board?for=seatgeek,Greenhouse
Tesla,https://www.tesla.com/careers/search,Custom
Walmart Labs,,
Red Hat,https://careers-redhat.icims.com/jobs/search,ICIMS
Clever,https://boards.greenhouse.io/embed/job_board?for=clever,Greenhouse
Xilinx,,
Interactive Brokers,https://boards.greenhouse.io/ibkr,Greenhouse
Observe,https://jobs.lever.co/observeinc,Lever
Qualcomm,https://qualcomm.wd5.myworkdayjobs.com/en-US/External,Workday
Shipt,https://shipt.wd1.myworkdayjobs.com/en-US/Shipt_External,Workday
Wayfair,https://boards.greenhouse.io/embed/job_board?for=wayfair,Greenhouse
Argo Ai,https://boards.greenhouse.io/embed/job_board?for=argo,Greenhouse
Chime,https://boards.greenhouse.io/embed/job_board?for=chime,Greenhouse
Coupang,https://boards.greenhouse.io/embed/job_board?for=coupang,Greenhouse
Gilead Sciences,https://gilead.wd1.myworkdayjobs.com/en-US/gileadcareers,Workday
Electronic Arts,,
PagerDuty,https://boards.greenhouse.io/pagerduty,Greenhouse
Zscaler,https://www.zscaler.com/careers,Custom
Akamai,https://akamaicareers.inflightcloud.com/search,Custom
Amplitude,https://boards.greenhouse.io/amplitude,Greenhouse
Appian,https://boards.greenhouse.io/appian,Greenhouse
Asurion,https://asurion.wd5.myworkdayjobs.com/en-US/Asurion_Careers,Workday
Box,https://careers.box.com/us/en/search-results,Widget
Hashicorp,https://boards.greenhouse.io/embed/job_board?for=hashicorp,Greenhouse
Flexport,https://boards.greenhouse.io/flexport,Greenhouse
Circle,https://boards.greenhouse.io/circle,Greenhouse
Vimeo,https://boards.greenhouse.io/vimeo,Greenhouse
Workiva,https://workiva.wd1.myworkdayjobs.com/en-US/careers,Workday
Zuora,https://boards.greenhouse.io/embed/job_board?for=zuora,Greenhouse
AMD,https://jobs.amd.com/search,Custom
Spotify,https://jobs.lever.co/spotify,Lever
Thumbtack,https://boards.greenhouse.io/thumbtack,Greenhouse
Qualtrics,https://boards.greenhouse.io/embed/job_board?for=qualtrics,Greenhouse
Acorns,https://boards.greenhouse.io/embed/job_board?for=acorns,Greenhouse
Valkyrie Trading,https://jobs.lever.co/valkyrietrading,Lever
Tower Research Capital,https://boards.greenhouse.io/embed/job_board?for=towerresearchcapital,Greenhouse
Proofpoint,https://proofpoint.wd5.myworkdayjobs.com/en-US/ProofpointCareers,Workday
Miotional,https://boards.greenhouse.io/embed/job_board?for=motional,Greenhouse
Gitlab,https://boards.greenhouse.io/embed/job_board?for=gitlab,Greenhouse
Factset,https://factset.wd1.myworkdayjobs.com/en-US/FactSetCareers,Workday
FireEye,https://careers.trellix.com/jobs/,Custom
Fractal,https://fractal.wd1.myworkdayjobs.com/en-US/Careers,Workday
DeepMind,https://boards.greenhouse.io/embed/job_board?for=deepmind,Greenhouse
Cloudflare,https://boards.greenhouse.io/embed/job_board?for=cloudflare,Greenhouse
AppLovin,https://jobs.lever.co/applovin,Lever
Applied Intuition,https://jobs.lever.co/applied,Lever
Yelp,https://jobs.lever.co/yelp,Lever
Coursera,https://boards.greenhouse.io/embed/job_board?for=coursera,Greenhouse
Fortune,https://boards.greenhouse.io/fortune,Greenhouse
KPMG,,
Shopify,https://www.shopify.com/careers/search,Custom
Hopper,https://jobs.lever.co/hopper,Lever
TextNow,https://jobs.lever.co/textnow,Lever
Tune,https://jobs.lever.co/tune,Lever
BenchSci,https://jobs.lever.co/benchsci,Lever
15five,https://jobs.lever.co/15five,Lever
Betterment,https://boards.greenhouse.io/embed/job_board?for=betterment,Greenhouse
Checkr,https://boards.greenhouse.io/checkr,Greenhouse
Casper,https://boards.greenhouse.io/embed/job_board?for=casper,Greenhouse
Evernote,https://boards.greenhouse.io/embed/job_board?for=evernote,Greenhouse
HelloFresh,https://boards.greenhouse.io/embed/job_board?for=hellofresh,Greenhouse
Keap,https://boards.greenhouse.io/embed/job_board?for=keap,Greenhouse
NerdWallet,https://boards.greenhouse.io/embed/job_board?for=nerdwallet,Greenhouse
Zenefits,https://boards.greenhouse.io/embed/job_board?for=zenefits,Greenhouse
Tripadvisor,https://boards.greenhouse.io/embed/job_board?for=tripadvisor,Greenhouse
Paradigm,https://boards.greenhouse.io/paradigm62,Greenhouse
Eventbrite,https://jobs.lever.co/eventbrite,Lever
Medallia,https://jobs.lever.co/medallia,Lever
Transcend,https://jobs.lever.co/transcend,Lever
CompStak,https://jobs.lever.co/compstak,Lever
Henderson Engineers,https://jobs.lever.co/hendersonengineers,Lever
Aircall,https://jobs.lever.co/aircall,Lever
Maxwell,https://jobs.lever.co/himaxwell,Lever
Talend,https://jobs.lever.co/aircall,Lever
DiDi,https://jobs.lever.co/didi-global,Lever
Nortal,https://jobs.lever.co/nortal,Lever
Loopio,https://jobs.lever.co/loopio,Lever
Kinsta,https://jobs.lever.co/kinsta,Lever
Voro,https://jobs.lever.co/voro,Lever
Medal.tv,https://jobs.lever.co/Medal,Lever
Autify,https://jobs.lever.co/Autify,Lever
Cogent Biosciences,https://jobs.lever.co/cogentbiosciences,Lever
Lever,https://jobs.lever.co/lever,Lever
Wefunder,https://jobs.lever.co/Wefunder,Lever
Fiix Software,https://jobs.lever.co/fiixsoftware,Lever
Fullstack Labs,https://jobs.lever.co/fullstacklabs,Lever
Kernel,https://jobs.lever.co/kernel-2,Lever
Secure Code Warrior,https://jobs.lever.co/securecodewarrior,Lever
Coffee Meets Bagel,https://jobs.lever.co/coffeemeetsbagel,Lever
Button,https://jobs.lever.co/button,Lever
Invoke Staffing,https://jobs.lever.co/invokestaffing,Lever
Greenhouse,https://boards.greenhouse.io/embed/job_board?for=greenhouse,Greenhouse
Truebill,https://boards.greenhouse.io/truebill,Greenhouse
Square,https://careers.squareup.com/us/en/jobs,Smartrecruiters
Ubisoft,https://www.ubisoft.com/en-us/company/careers,Smartrecruiters
Visa,https://cw.visa.com/careers.html,Custom
Flywheel Software,https://boards.greenhouse.io/embed/job_board?for=flywheelsoftware,Greenhouse
Slang.ai,https://boards.greenhouse.io/embed/job_board?for=flywheelsoftware,Greenhouse
Align Technology,https://jobs.aligntech.com/jobs,ICIMS
Rogo,https://boards.greenhouse.io/rogo,Greenhouse
SpaceX,https://boards.greenhouse.io/embed/job_board?for=spacex,Greenhouse
Weave,https://boards.greenhouse.io/weavehq,Greenhouse
Entrust,https://entrust.wd1.myworkdayjobs.com/EntrustCareers,Workday
GradientAI,https://boards.greenhouse.io/gradientai,Greenhouse
Internet Brands,https://jobs.jobvite.com/internetbrands,Jobvite
Multiply Labs,https://boards.greenhouse.io/embed/job_board?for=multiplylabs,Greenhouse
Canonical,https://boards.greenhouse.io/canonicaljobs,Greenhouse
Dematic,https://kiongroup.wd3.myworkdayjobs.com/en-US/KION_SCS,Workday
Magic Leap,https://boards.greenhouse.io/magicleapinc,Greenhouse
Neustar,https://neustar.wd5.myworkdayjobs.com/en-US/neustar-careers,Workday
Cue Health,https://cuehealth.wd1.myworkdayjobs.com/CueHealth/,Workday
Axonius,https://boards.greenhouse.io/embed/job_board?for=axonius,Greenhouse
Novetta,https://boards.greenhouse.io/novetta,Greenhouse
Pinwheel ,https://boards.greenhouse.io/pinwheelapi,Greenhouse
Promptworks,https://boards.greenhouse.io/promptworks,Greenhouse
BambooHR,https://boards.greenhouse.io/bamboohr17,Greenhouse
Well,https://boards.greenhouse.io/well,Greenhouse
Rec Room,https://boards.greenhouse.io/embed/job_board?for=recroom,Greenhouse
Verily,https://boards.greenhouse.io/embed/job_board?for=verily,Greenhouse
Hypergiant,https://boards.greenhouse.io/embed/job_board?for=hypergiant,Greenhouse
Level,https://boards.greenhouse.io/embed/job_board?for=level,Greenhouse
SciPlay,https://scientificgames.wd5.myworkdayjobs.com/SciPlayExternalCareers,Workday
Glassdoor,https://boards.greenhouse.io/embed/job_board?for=glassdoor,Greenhouse
Lively,https://boards.greenhouse.io/livelyhearingcorporation,Greenhouse
Highnote,https://boards.greenhouse.io/highnote,Greenhouse
Kintent,https://boards.greenhouse.io/kintentinc,Greenhouse
Concourse Labs,https://boards.greenhouse.io/concourselabs,Greenhouse
SetSail,https://boards.greenhouse.io/embed/job_board?for=setsail,Greenhouse
Elementary,https://boards.greenhouse.io/elementary,Greenhouse